{
    "id": 1633970242302,
    "name": "Physeo-Cloze",
    "type": 1,
    "mod": 1638144691,
    "usn": -1,
    "sortf": 0,
    "did": 1570051884460,
    "tmpls": [
        {
            "name": "Cloze",
            "ord": 0,
            "qfmt": "",
            "afmt": "",
            "bqfmt": "",
            "bafmt": "",
            "did": null,
            "bfont": "Arial",
            "bsize": 12
        }
    ],
    "flds": [
        {
            "name": "Text",
            "ord": 0,
            "sticky": false,
            "rtl": false,
            "font": "Arial",
            "size": 18,
            "meta": null,
            "media": [],
            "collapsibleFieldsCollapseByDefault": false
        },
        {
            "name": "Extra",
            "ord": 1,
            "sticky": false,
            "rtl": false,
            "font": "Arial",
            "size": 18,
            "meta": null,
            "collapsibleFieldsCollapseByDefault": false,
            "media": []
        },
        {
            "name": "Images",
            "ord": 2,
            "sticky": false,
            "rtl": false,
            "font": "Arial",
            "size": 18,
            "collapsibleFieldsCollapseByDefault": false,
            "meta": null
        },
        {
            "name": "Personal Notes",
            "ord": 3,
            "sticky": false,
            "rtl": false,
            "font": "Arial",
            "size": 18,
            "meta": null,
            "collapsibleFieldsCollapseByDefault": false,
            "media": []
        },
        {
            "name": "Missed Questions",
            "ord": 4,
            "sticky": false,
            "rtl": false,
            "font": "Arial",
            "size": 18,
            "meta": null,
            "media": [],
            "collapsibleFieldsCollapseByDefault": false
        },
        {
            "name": "One by one",
            "ord": 5,
            "sticky": false,
            "rtl": false,
            "font": "Arial",
            "size": 8,
            "collapsibleFieldsCollapseByDefault": false,
            "meta": null
        }
    ],
    "css": "",
    "latexPre": "\\documentclass[12pt]{article}\n\\special{papersize=3in,5in}\n\\usepackage{amssymb,amsmath}\n\\pagestyle{empty}\n\\setlength{\\parindent}{0in}\n\\begin{document}\n",
    "latexPost": "\\end{document}",
    "latexsvg": false,
    "req": [
        [
            0,
            "any",
            [
                0,
                5
            ]
        ]
    ],
    "tags": [
        "%MissedQs::Step2::UWorld"
    ],
    "vers": []
}