{
    "id": 1634668158910,
    "name": "Basic-AnKing",
    "type": 0,
    "mod": 1638144691,
    "usn": -1,
    "sortf": 0,
    "did": 1544021588692,
    "tmpls": [
        {
            "name": "Card 1",
            "ord": 0,
            "qfmt": "",
            "afmt": "",
            "bqfmt": "",
            "bafmt": "",
            "did": null,
            "bfont": "",
            "bsize": 0
        }
    ],
    "flds": [
        {
            "name": "Front",
            "ord": 0,
            "sticky": false,
            "rtl": false,
            "font": "Arial",
            "size": 18,
            "collapsibleFieldsCollapseByDefault": false,
            "media": [],
            "meta": null
        },
        {
            "name": "Back",
            "ord": 1,
            "sticky": false,
            "rtl": false,
            "font": "Arial",
            "size": 18,
            "meta": null,
            "media": [],
            "collapsibleFieldsCollapseByDefault": false
        },
        {
            "name": "Personal Notes",
            "ord": 2,
            "sticky": false,
            "rtl": false,
            "font": "Arial",
            "size": 18,
            "collapsibleFieldsCollapseByDefault": false,
            "meta": null,
            "media": []
        },
        {
            "name": "Missed Questions",
            "ord": 3,
            "sticky": false,
            "rtl": false,
            "font": "Arial",
            "size": 18,
            "collapsibleFieldsCollapseByDefault": false,
            "media": [],
            "meta": null
        }
    ],
    "css": "",
    "latexPre": "\\documentclass[12pt]{article}\n\\special{papersize=3in,5in}\n\\usepackage[utf8]{inputenc}\n\\usepackage{amssymb,amsmath}\n\\pagestyle{empty}\n\\setlength{\\parindent}{0in}\n\\begin{document}\n",
    "latexPost": "\\end{document}",
    "latexsvg": false,
    "req": [
        [
            0,
            "any",
            [
                0
            ]
        ]
    ],
    "tags": [],
    "vers": []
}